-- PharmaCare Database Backup
-- Generated: 2026-03-13 11:52:10

-- Table: users
INSERT INTO users (id, username, email, password_hash, role, full_name, avatar, pharmacy_id, created_at, last_login, is_active) VALUES ('1', 'admin', 'admin@pharmacare.com', '$2y$10$3Fin2QBFIcXX5fppFGS8CuTK/Jen7guOfGPRPtnkUGTpPKEkbCdpG', 'admin', 'System Administrator', 'uploads/avatars/user_1_1773348601.jpg', NULL, '2026-03-12 18:08:55', '2026-03-13 11:49:29', '1');
INSERT INTO users (id, username, email, password_hash, role, full_name, avatar, pharmacy_id, created_at, last_login, is_active) VALUES ('2', 'admin_user', 'admin@example.com', '$2y$10$zoSAOMh3V9ybCcrvldSvhO9pE0C1lplz9wa75YJnweaGKB6Thj2YG', 'admin', 'Sam Admin', NULL, '1', '2026-03-12 18:46:51', NULL, '1');
INSERT INTO users (id, username, email, password_hash, role, full_name, avatar, pharmacy_id, created_at, last_login, is_active) VALUES ('3', 'pharmacist_user', 'pharmacist@example.com', '$2y$10$SO1sbnFMEtE33iaANCzoXuNJdUwFQDzkcjz7aDmtMzST7TPBlu55m', 'pharmacist', 'Sam Pharmacist', NULL, '1', '2026-03-12 18:46:51', NULL, '1');
INSERT INTO users (id, username, email, password_hash, role, full_name, avatar, pharmacy_id, created_at, last_login, is_active) VALUES ('4', 'cashier_user', 'cashier@example.com', '$2y$10$.sw/qVWywPO2KIudmOnOre/Qe9YH1.RwQDHGDaxX9g1vngm22T3b2', 'cashier', 'Sam Cashier', NULL, '1', '2026-03-12 18:46:51', NULL, '1');
INSERT INTO users (id, username, email, password_hash, role, full_name, avatar, pharmacy_id, created_at, last_login, is_active) VALUES ('7', 'pharm_test', 'pharmacist@pharmacare.com', '$2y$10$nnysnxoyJqHMH1RRsB6XDObJIsNmcUodoHfcZrWfFpW9Z/2zTLnV2', 'pharmacist', 'Test Pharmacist', NULL, '1', '2026-03-12 22:36:35', '2026-03-12 22:38:29', '1');
INSERT INTO users (id, username, email, password_hash, role, full_name, avatar, pharmacy_id, created_at, last_login, is_active) VALUES ('8', 'cashier_test', 'cashier@pharmacare.com', '$2y$10$KNWB2Z0U4xL4ZIFlmVXhBOpZ3VGFHi6hZ15/wYujeckUYDCLC/a7W', 'cashier', 'Test Cashier', NULL, '1', '2026-03-12 22:36:35', NULL, '1');
INSERT INTO users (id, username, email, password_hash, role, full_name, avatar, pharmacy_id, created_at, last_login, is_active) VALUES ('9', 'test1', 'test1@gmail.com', '$2y$10$pRAvJovSz.ROCtZUToB1v.h6bgEl.Esi9.Zz8ePHHW9OVJJCUxEDq', 'customer', 'test1', NULL, '1', '2026-03-13 03:13:42', '2026-03-13 04:33:58', '1');
INSERT INTO users (id, username, email, password_hash, role, full_name, avatar, pharmacy_id, created_at, last_login, is_active) VALUES ('10', 'pharmacist', 'pharma@example.com', '$2y$10$8ZLMxgYEl4kkllpV12BMieLJU/W1TLSlxUiPwqsRHXohBJprKmJFC', 'pharmacist', 'Dr. John Doe', NULL, '1', '2026-03-13 04:25:48', NULL, '1');
INSERT INTO users (id, username, email, password_hash, role, full_name, avatar, pharmacy_id, created_at, last_login, is_active) VALUES ('13', 'admin_test', 'admin2@pharmacare.com', '$2y$10$wIS9MKOdhoxTpXZIrqoRFuP5daWEfydAYZl0WTxfq4tbUyWd.az6C', 'admin', 'Test Admin', NULL, NULL, '2026-03-13 04:30:55', NULL, '1');
INSERT INTO users (id, username, email, password_hash, role, full_name, avatar, pharmacy_id, created_at, last_login, is_active) VALUES ('14', 'test_customer', 'customer@example.com', '$2y$10$coDDhB5flgmmSUGB7dXpkehE9lbKIATrpEIm5Qv5cyFWU9Y9u8Tuy', 'customer', 'Test Customer', NULL, NULL, '2026-03-13 04:53:57', NULL, '1');
INSERT INTO users (id, username, email, password_hash, role, full_name, avatar, pharmacy_id, created_at, last_login, is_active) VALUES ('15', 'elite_pharma', 'elite_ph@example.com', '$2y$10$lLh.QmQFxdYDL6GaN3pDUeRQXPa2QlKWhuJCv2F.3RKLgECts9xny', 'pharmacist', 'Elite Pharmacist', NULL, '2', '2026-03-13 04:53:58', NULL, '1');
INSERT INTO users (id, username, email, password_hash, role, full_name, avatar, pharmacy_id, created_at, last_login, is_active) VALUES ('16', 'elite_cash', 'elite_cs@example.com', '$2y$10$Sn13MPTQxDU.XB7TAHRk.OXeNkiSt45VIFeqVZV9.guyVexok0a6G', 'cashier', 'Elite Cashier', NULL, '2', '2026-03-13 04:53:58', NULL, '1');
INSERT INTO users (id, username, email, password_hash, role, full_name, avatar, pharmacy_id, created_at, last_login, is_active) VALUES ('17', 'clinic_pharma', 'clinic_ph@example.com', '$2y$10$1xW6GP8y9rx5bkOIsLKgkOe.HnssGuUIaZujcs3kU.zYP9db1M5Ue', 'pharmacist', 'Clinic Specialist', NULL, '3', '2026-03-13 04:53:58', '2026-03-13 05:52:26', '1');
INSERT INTO users (id, username, email, password_hash, role, full_name, avatar, pharmacy_id, created_at, last_login, is_active) VALUES ('18', 'clinic_cash', 'clinic_cs@example.com', '$2y$10$uKCGfPO4BLNz6tylM8WWs.1FCREQ/yjwedZHoNp2WntpBnXycw8mq', 'cashier', 'Clinic Cashier', NULL, '3', '2026-03-13 04:53:58', NULL, '1');

-- Table: suppliers
INSERT INTO suppliers (id, pharmacy_id, name, contact_person, phone, email, address, payment_terms, created_at) VALUES ('1', '1', 'Global Pharma', 'John Doe', '123456789', 'contact@Global Pharma.com', '123 Pharma St', NULL, '2026-03-12 18:46:51');
INSERT INTO suppliers (id, pharmacy_id, name, contact_person, phone, email, address, payment_terms, created_at) VALUES ('2', '1', 'BioHealth Supplies', 'John Doe', '123456789', 'contact@BioHealth Supplies.com', '123 Pharma St', NULL, '2026-03-12 18:46:51');
INSERT INTO suppliers (id, pharmacy_id, name, contact_person, phone, email, address, payment_terms, created_at) VALUES ('3', '1', 'MedDirect Inc', 'John Doe', '123456789', 'contact@MedDirect Inc.com', '123 Pharma St', NULL, '2026-03-12 18:46:51');
INSERT INTO suppliers (id, pharmacy_id, name, contact_person, phone, email, address, payment_terms, created_at) VALUES ('4', '1', 'Apex Medical', 'John Doe', '123456789', 'contact@Apex Medical.com', '123 Pharma St', NULL, '2026-03-12 18:46:51');
INSERT INTO suppliers (id, pharmacy_id, name, contact_person, phone, email, address, payment_terms, created_at) VALUES ('5', '1', 'VitalHealth Co', 'John Doe', '123456789', 'contact@VitalHealth Co.com', '123 Pharma St', NULL, '2026-03-12 18:46:52');
INSERT INTO suppliers (id, pharmacy_id, name, contact_person, phone, email, address, payment_terms, created_at) VALUES ('6', '1', 'Global Pharma', 'John Doe', '123456789', 'contact@Global Pharma.com', '123 Pharma St', NULL, '2026-03-12 18:47:55');
INSERT INTO suppliers (id, pharmacy_id, name, contact_person, phone, email, address, payment_terms, created_at) VALUES ('7', '1', 'BioHealth Supplies', 'John Doe', '123456789', 'contact@BioHealth Supplies.com', '123 Pharma St', NULL, '2026-03-12 18:47:55');
INSERT INTO suppliers (id, pharmacy_id, name, contact_person, phone, email, address, payment_terms, created_at) VALUES ('8', '1', 'MedDirect Inc', 'John Doe', '123456789', 'contact@MedDirect Inc.com', '123 Pharma St', NULL, '2026-03-12 18:47:55');
INSERT INTO suppliers (id, pharmacy_id, name, contact_person, phone, email, address, payment_terms, created_at) VALUES ('9', '1', 'Apex Medical', 'John Doe', '123456789', 'contact@Apex Medical.com', '123 Pharma St', NULL, '2026-03-12 18:47:55');
INSERT INTO suppliers (id, pharmacy_id, name, contact_person, phone, email, address, payment_terms, created_at) VALUES ('10', '1', 'VitalHealth Co', 'John Doe', '123456789', 'contact@VitalHealth Co.com', '123 Pharma St', NULL, '2026-03-12 18:47:55');
INSERT INTO suppliers (id, pharmacy_id, name, contact_person, phone, email, address, payment_terms, created_at) VALUES ('11', '1', 'Global Pharma', 'John Doe', '123456789', 'contact@Global Pharma.com', '123 Pharma St', NULL, '2026-03-12 21:54:10');
INSERT INTO suppliers (id, pharmacy_id, name, contact_person, phone, email, address, payment_terms, created_at) VALUES ('12', '1', 'BioHealth Supplies', 'John Doe', '123456789', 'contact@BioHealth Supplies.com', '123 Pharma St', NULL, '2026-03-12 21:54:12');
INSERT INTO suppliers (id, pharmacy_id, name, contact_person, phone, email, address, payment_terms, created_at) VALUES ('13', '1', 'MedDirect Inc', 'John Doe', '123456789', 'contact@MedDirect Inc.com', '123 Pharma St', NULL, '2026-03-12 21:54:14');
INSERT INTO suppliers (id, pharmacy_id, name, contact_person, phone, email, address, payment_terms, created_at) VALUES ('14', '1', 'Apex Medical', 'John Doe', '123456789', 'contact@Apex Medical.com', '123 Pharma St', NULL, '2026-03-12 21:54:15');
INSERT INTO suppliers (id, pharmacy_id, name, contact_person, phone, email, address, payment_terms, created_at) VALUES ('15', '1', 'VitalHealth Co', 'John Doe', '123456789', 'contact@VitalHealth Co.com', '123 Pharma St', NULL, '2026-03-12 21:54:16');
INSERT INTO suppliers (id, pharmacy_id, name, contact_person, phone, email, address, payment_terms, created_at) VALUES ('16', '2', 'Supplier for Elite Wellness', 'Mr. Supplier', '655000000', NULL, NULL, NULL, '2026-03-13 04:53:58');
INSERT INTO suppliers (id, pharmacy_id, name, contact_person, phone, email, address, payment_terms, created_at) VALUES ('17', '3', 'Supplier for Community Clinic', 'Mr. Supplier', '655000000', NULL, NULL, NULL, '2026-03-13 04:53:59');

-- Table: medicines
INSERT INTO medicines (id, pharmacy_id, name, generic_name, category, manufacturer, supplier_id, price, cost_price, quantity, unit, reorder_level, expiry_date, barcode, description, created_at) VALUES ('1', '1', 'Paracetamol', 'Acetaminophen', 'Tablet', NULL, '5', '5.50', '2.00', '500', 'Box', '10', '2027-01-12', 'BAR4046', NULL, '2026-03-12 18:46:52');
INSERT INTO medicines (id, pharmacy_id, name, generic_name, category, manufacturer, supplier_id, price, cost_price, quantity, unit, reorder_level, expiry_date, barcode, description, created_at) VALUES ('2', '1', 'Amoxicillin', 'Amoxicillin', 'Capsule', NULL, '3', '12.00', '6.50', '197', 'Pack', '10', '2028-02-12', 'BAR4225', NULL, '2026-03-12 18:46:52');
INSERT INTO medicines (id, pharmacy_id, name, generic_name, category, manufacturer, supplier_id, price, cost_price, quantity, unit, reorder_level, expiry_date, barcode, description, created_at) VALUES ('3', '1', 'Ibuprofen', 'Ibuprofen', 'Tablet', NULL, '2', '8.25', '3.10', '350', 'Box', '10', '2027-02-12', 'BAR8659', NULL, '2026-03-12 18:46:52');
INSERT INTO medicines (id, pharmacy_id, name, generic_name, category, manufacturer, supplier_id, price, cost_price, quantity, unit, reorder_level, expiry_date, barcode, description, created_at) VALUES ('4', '1', 'Cough Relief', 'Guaifenesin', 'Syrup', NULL, '5', '15.00', '7.00', '100', 'Bottle', '10', '2027-11-12', 'BAR1744', NULL, '2026-03-12 18:46:52');
INSERT INTO medicines (id, pharmacy_id, name, generic_name, category, manufacturer, supplier_id, price, cost_price, quantity, unit, reorder_level, expiry_date, barcode, description, created_at) VALUES ('5', '1', 'Vitamin C', 'Ascorbic Acid', 'Tablet', NULL, '5', '25.00', '12.00', '150', 'Bottle', '10', '2027-12-12', 'BAR6104', NULL, '2026-03-12 18:46:52');
INSERT INTO medicines (id, pharmacy_id, name, generic_name, category, manufacturer, supplier_id, price, cost_price, quantity, unit, reorder_level, expiry_date, barcode, description, created_at) VALUES ('6', '1', 'Insulin', 'Insulin Glargine', 'Injection', NULL, '3', '45.00', '28.00', '50', 'Vial', '10', '2027-01-12', 'BAR3025', NULL, '2026-03-12 18:46:53');
INSERT INTO medicines (id, pharmacy_id, name, generic_name, category, manufacturer, supplier_id, price, cost_price, quantity, unit, reorder_level, expiry_date, barcode, description, created_at) VALUES ('7', '1', 'Eye Drops', 'Naphazoline', 'Drops', NULL, '1', '9.50', '4.00', '80', 'Bottle', '10', '2027-12-12', 'BAR1823', NULL, '2026-03-12 18:46:53');
INSERT INTO medicines (id, pharmacy_id, name, generic_name, category, manufacturer, supplier_id, price, cost_price, quantity, unit, reorder_level, expiry_date, barcode, description, created_at) VALUES ('8', '1', 'Skin Cream', 'Hydrocortisone', 'Ointment', NULL, '4', '11.00', '5.20', '120', 'Tube', '10', '2028-02-12', 'BAR4759', NULL, '2026-03-12 18:46:53');
INSERT INTO medicines (id, pharmacy_id, name, generic_name, category, manufacturer, supplier_id, price, cost_price, quantity, unit, reorder_level, expiry_date, barcode, description, created_at) VALUES ('9', '1', 'Paracetamol', 'Acetaminophen', 'Tablet', NULL, '8', '5.50', '2.00', '500', 'Box', '10', '2027-01-12', 'BAR3456', NULL, '2026-03-12 18:47:55');
INSERT INTO medicines (id, pharmacy_id, name, generic_name, category, manufacturer, supplier_id, price, cost_price, quantity, unit, reorder_level, expiry_date, barcode, description, created_at) VALUES ('10', '1', 'Amoxicillin', 'Amoxicillin', 'Capsule', NULL, '6', '12.00', '6.50', '200', 'Pack', '10', '2026-12-12', 'BAR6459', NULL, '2026-03-12 18:47:56');
INSERT INTO medicines (id, pharmacy_id, name, generic_name, category, manufacturer, supplier_id, price, cost_price, quantity, unit, reorder_level, expiry_date, barcode, description, created_at) VALUES ('11', '1', 'Ibuprofen', 'Ibuprofen', 'Tablet', NULL, '1', '8.25', '3.10', '350', 'Box', '10', '2028-03-12', 'BAR5863', NULL, '2026-03-12 18:47:56');
INSERT INTO medicines (id, pharmacy_id, name, generic_name, category, manufacturer, supplier_id, price, cost_price, quantity, unit, reorder_level, expiry_date, barcode, description, created_at) VALUES ('12', '1', 'Cough Relief', 'Guaifenesin', 'Syrup', NULL, '2', '15.00', '7.00', '100', 'Bottle', '10', '2027-03-12', 'BAR7828', NULL, '2026-03-12 18:47:56');
INSERT INTO medicines (id, pharmacy_id, name, generic_name, category, manufacturer, supplier_id, price, cost_price, quantity, unit, reorder_level, expiry_date, barcode, description, created_at) VALUES ('13', '1', 'Vitamin C', 'Ascorbic Acid', 'Tablet', NULL, '4', '25.00', '12.00', '150', 'Bottle', '10', '2026-11-12', 'BAR9858', NULL, '2026-03-12 18:47:56');
INSERT INTO medicines (id, pharmacy_id, name, generic_name, category, manufacturer, supplier_id, price, cost_price, quantity, unit, reorder_level, expiry_date, barcode, description, created_at) VALUES ('14', '1', 'Insulin', 'Insulin Glargine', 'Injection', NULL, '4', '45.00', '28.00', '50', 'Vial', '10', '2026-10-12', 'BAR6824', NULL, '2026-03-12 18:47:56');
INSERT INTO medicines (id, pharmacy_id, name, generic_name, category, manufacturer, supplier_id, price, cost_price, quantity, unit, reorder_level, expiry_date, barcode, description, created_at) VALUES ('15', '1', 'Eye Drops', 'Naphazoline', 'Drops', NULL, '6', '9.50', '4.00', '80', 'Bottle', '10', '2027-09-12', 'BAR8652', NULL, '2026-03-12 18:47:56');
INSERT INTO medicines (id, pharmacy_id, name, generic_name, category, manufacturer, supplier_id, price, cost_price, quantity, unit, reorder_level, expiry_date, barcode, description, created_at) VALUES ('16', '1', 'Skin Cream', 'Hydrocortisone', 'Ointment', NULL, '10', '11.00', '5.20', '120', 'Tube', '10', '2027-02-12', 'BAR3723', NULL, '2026-03-12 18:47:56');
INSERT INTO medicines (id, pharmacy_id, name, generic_name, category, manufacturer, supplier_id, price, cost_price, quantity, unit, reorder_level, expiry_date, barcode, description, created_at) VALUES ('17', '1', 'Paracetamol', 'Acetaminophen', 'Tablet', NULL, '6', '5.50', '2.00', '500', 'Box', '10', '2027-03-12', 'BAR6246', NULL, '2026-03-12 21:54:18');
INSERT INTO medicines (id, pharmacy_id, name, generic_name, category, manufacturer, supplier_id, price, cost_price, quantity, unit, reorder_level, expiry_date, barcode, description, created_at) VALUES ('18', '1', 'Amoxicillin', 'Amoxicillin', 'Capsule', NULL, '9', '12.00', '6.50', '200', 'Pack', '10', '2027-07-12', 'BAR9775', NULL, '2026-03-12 21:54:19');
INSERT INTO medicines (id, pharmacy_id, name, generic_name, category, manufacturer, supplier_id, price, cost_price, quantity, unit, reorder_level, expiry_date, barcode, description, created_at) VALUES ('19', '1', 'Ibuprofen', 'Ibuprofen', 'Tablet', NULL, '4', '8.25', '3.10', '350', 'Box', '10', '2027-06-12', 'BAR8115', NULL, '2026-03-12 21:54:20');
INSERT INTO medicines (id, pharmacy_id, name, generic_name, category, manufacturer, supplier_id, price, cost_price, quantity, unit, reorder_level, expiry_date, barcode, description, created_at) VALUES ('20', '1', 'Cough Relief', 'Guaifenesin', 'Syrup', NULL, '4', '15.00', '7.00', '100', 'Bottle', '10', '2026-11-12', 'BAR2395', NULL, '2026-03-12 21:54:23');
INSERT INTO medicines (id, pharmacy_id, name, generic_name, category, manufacturer, supplier_id, price, cost_price, quantity, unit, reorder_level, expiry_date, barcode, description, created_at) VALUES ('21', '1', 'Vitamin C', 'Ascorbic Acid', 'Tablet', NULL, '7', '25.00', '12.00', '150', 'Bottle', '10', '2028-03-12', 'BAR6563', NULL, '2026-03-12 21:54:25');
INSERT INTO medicines (id, pharmacy_id, name, generic_name, category, manufacturer, supplier_id, price, cost_price, quantity, unit, reorder_level, expiry_date, barcode, description, created_at) VALUES ('22', '1', 'Insulin', 'Insulin Glargine', 'Injection', NULL, '15', '45.00', '28.00', '50', 'Vial', '10', '2027-10-12', 'BAR2809', NULL, '2026-03-12 21:54:26');
INSERT INTO medicines (id, pharmacy_id, name, generic_name, category, manufacturer, supplier_id, price, cost_price, quantity, unit, reorder_level, expiry_date, barcode, description, created_at) VALUES ('23', '1', 'Eye Drops', 'Naphazoline', 'Drops', NULL, '1', '9.50', '4.00', '80', 'Bottle', '10', '2027-11-12', 'BAR6675', NULL, '2026-03-12 21:54:28');
INSERT INTO medicines (id, pharmacy_id, name, generic_name, category, manufacturer, supplier_id, price, cost_price, quantity, unit, reorder_level, expiry_date, barcode, description, created_at) VALUES ('24', '1', 'Skin Cream', 'Hydrocortisone', 'Ointment', NULL, '12', '11.00', '5.20', '120', 'Tube', '10', '2026-09-12', 'BAR7964', NULL, '2026-03-12 21:54:30');
INSERT INTO medicines (id, pharmacy_id, name, generic_name, category, manufacturer, supplier_id, price, cost_price, quantity, unit, reorder_level, expiry_date, barcode, description, created_at) VALUES ('25', '2', 'Paracetamol', 'Analgesic', 'Tablet', NULL, '16', '500.00', '200.00', '1000', 'Box', '10', '2026-12-31', NULL, NULL, '2026-03-13 04:53:58');
INSERT INTO medicines (id, pharmacy_id, name, generic_name, category, manufacturer, supplier_id, price, cost_price, quantity, unit, reorder_level, expiry_date, barcode, description, created_at) VALUES ('26', '2', 'Amoxicillin', 'Antibiotic', 'Capsule', NULL, '16', '1500.00', '800.00', '500', 'Pack', '10', '2026-12-31', NULL, NULL, '2026-03-13 04:53:58');
INSERT INTO medicines (id, pharmacy_id, name, generic_name, category, manufacturer, supplier_id, price, cost_price, quantity, unit, reorder_level, expiry_date, barcode, description, created_at) VALUES ('27', '2', 'Vitamin C', 'Supplement', 'Tablet', NULL, '16', '1200.00', '600.00', '300', 'Bottle', '10', '2026-12-31', NULL, NULL, '2026-03-13 04:53:59');
INSERT INTO medicines (id, pharmacy_id, name, generic_name, category, manufacturer, supplier_id, price, cost_price, quantity, unit, reorder_level, expiry_date, barcode, description, created_at) VALUES ('28', '3', 'Paracetamol', 'Analgesic', 'Tablet', NULL, '17', '500.00', '200.00', '996', 'Box', '10', '2026-12-31', NULL, NULL, '2026-03-13 04:53:59');
INSERT INTO medicines (id, pharmacy_id, name, generic_name, category, manufacturer, supplier_id, price, cost_price, quantity, unit, reorder_level, expiry_date, barcode, description, created_at) VALUES ('29', '3', 'Amoxicillin', 'Antibiotic', 'Capsule', NULL, '17', '1500.00', '800.00', '494', 'Pack', '10', '2026-12-31', NULL, NULL, '2026-03-13 04:53:59');
INSERT INTO medicines (id, pharmacy_id, name, generic_name, category, manufacturer, supplier_id, price, cost_price, quantity, unit, reorder_level, expiry_date, barcode, description, created_at) VALUES ('30', '3', 'Vitamin C', 'Supplement', 'Tablet', NULL, '17', '1200.00', '600.00', '295', 'Bottle', '10', '2026-12-31', NULL, NULL, '2026-03-13 04:53:59');

-- Table: sales
INSERT INTO sales (id, pharmacy_id, invoice_no, customer_id, user_id, customer_name, customer_phone, total_amount, discount, tax, grand_total, payment_method, payment_status, sale_date, order_status) VALUES ('1', '1', 'INV-C4D16DE2', '4', '1', 'Sample Customer', NULL, '22.00', '0.00', '0.00', '22.00', 'cash', 'paid', '2026-03-01 18:47:57', 'completed');
INSERT INTO sales (id, pharmacy_id, invoice_no, customer_id, user_id, customer_name, customer_phone, total_amount, discount, tax, grand_total, payment_method, payment_status, sale_date, order_status) VALUES ('2', '1', 'INV-C4D6514D', '1', '1', 'Sample Customer', NULL, '93.00', '0.00', '0.00', '93.00', 'cash', 'paid', '2026-02-20 18:47:57', 'completed');
INSERT INTO sales (id, pharmacy_id, invoice_no, customer_id, user_id, customer_name, customer_phone, total_amount, discount, tax, grand_total, payment_method, payment_status, sale_date, order_status) VALUES ('3', '1', 'INV-C4DEA632', '4', '1', 'Sample Customer', NULL, '102.50', '0.00', '0.00', '102.50', 'cash', 'paid', '2026-02-17 18:47:57', 'completed');
INSERT INTO sales (id, pharmacy_id, invoice_no, customer_id, user_id, customer_name, customer_phone, total_amount, discount, tax, grand_total, payment_method, payment_status, sale_date, order_status) VALUES ('4', '1', 'INV-C4E29F63', '3', '1', 'Sample Customer', NULL, '87.50', '0.00', '0.00', '87.50', 'cash', 'paid', '2026-03-07 18:47:58', 'completed');
INSERT INTO sales (id, pharmacy_id, invoice_no, customer_id, user_id, customer_name, customer_phone, total_amount, discount, tax, grand_total, payment_method, payment_status, sale_date, order_status) VALUES ('5', '1', 'INV-C4EDA3B3', '1', '1', 'Sample Customer', NULL, '28.50', '0.00', '0.00', '28.50', 'cash', 'paid', '2026-03-07 18:47:58', 'completed');
INSERT INTO sales (id, pharmacy_id, invoice_no, customer_id, user_id, customer_name, customer_phone, total_amount, discount, tax, grand_total, payment_method, payment_status, sale_date, order_status) VALUES ('6', '1', 'INV-C4F6FA6E', '3', '1', 'Sample Customer', NULL, '209.50', '0.00', '0.00', '209.50', 'cash', 'paid', '2026-03-10 18:47:59', 'completed');
INSERT INTO sales (id, pharmacy_id, invoice_no, customer_id, user_id, customer_name, customer_phone, total_amount, discount, tax, grand_total, payment_method, payment_status, sale_date, order_status) VALUES ('7', '1', 'INV-C4FCC7E6', '4', '1', 'Sample Customer', NULL, '47.50', '0.00', '0.00', '47.50', 'cash', 'paid', '2026-03-11 18:47:59', 'completed');
INSERT INTO sales (id, pharmacy_id, invoice_no, customer_id, user_id, customer_name, customer_phone, total_amount, discount, tax, grand_total, payment_method, payment_status, sale_date, order_status) VALUES ('8', '1', 'INV-C4FE4EF2', '2', '1', 'Sample Customer', NULL, '100.00', '0.00', '0.00', '100.00', 'cash', 'paid', '2026-02-27 18:47:59', 'completed');
INSERT INTO sales (id, pharmacy_id, invoice_no, customer_id, user_id, customer_name, customer_phone, total_amount, discount, tax, grand_total, payment_method, payment_status, sale_date, order_status) VALUES ('9', '1', 'INV-C50246F7', '3', '1', 'Sample Customer', NULL, '138.00', '0.00', '0.00', '138.00', 'cash', 'paid', '2026-02-28 18:48:00', 'completed');
INSERT INTO sales (id, pharmacy_id, invoice_no, customer_id, user_id, customer_name, customer_phone, total_amount, discount, tax, grand_total, payment_method, payment_status, sale_date, order_status) VALUES ('10', '1', 'INV-C505CE09', '1', '1', 'Sample Customer', NULL, '35.75', '0.00', '0.00', '35.75', 'cash', 'paid', '2026-02-18 18:48:00', 'completed');
INSERT INTO sales (id, pharmacy_id, invoice_no, customer_id, user_id, customer_name, customer_phone, total_amount, discount, tax, grand_total, payment_method, payment_status, sale_date, order_status) VALUES ('11', '1', 'INV-C50C1C63', '1', '1', 'Sample Customer', NULL, '11.00', '0.00', '0.00', '11.00', 'cash', 'paid', '2026-03-12 18:48:00', 'completed');
INSERT INTO sales (id, pharmacy_id, invoice_no, customer_id, user_id, customer_name, customer_phone, total_amount, discount, tax, grand_total, payment_method, payment_status, sale_date, order_status) VALUES ('12', '1', 'INV-C50ED111', '3', '1', 'Sample Customer', NULL, '79.25', '0.00', '0.00', '79.25', 'cash', 'paid', '2026-02-16 18:48:00', 'completed');
INSERT INTO sales (id, pharmacy_id, invoice_no, customer_id, user_id, customer_name, customer_phone, total_amount, discount, tax, grand_total, payment_method, payment_status, sale_date, order_status) VALUES ('13', '1', 'INV-C51451AB', '5', '1', 'Sample Customer', NULL, '55.25', '0.00', '0.00', '55.25', 'cash', 'paid', '2026-02-18 18:48:01', 'completed');
INSERT INTO sales (id, pharmacy_id, invoice_no, customer_id, user_id, customer_name, customer_phone, total_amount, discount, tax, grand_total, payment_method, payment_status, sale_date, order_status) VALUES ('14', '1', 'INV-C5175D07', '4', '1', 'Sample Customer', NULL, '272.50', '0.00', '0.00', '272.50', 'cash', 'paid', '2026-02-10 18:48:01', 'completed');
INSERT INTO sales (id, pharmacy_id, invoice_no, customer_id, user_id, customer_name, customer_phone, total_amount, discount, tax, grand_total, payment_method, payment_status, sale_date, order_status) VALUES ('15', '1', 'INV-C51B6EF3', '2', '1', 'Sample Customer', NULL, '30.00', '0.00', '0.00', '30.00', 'cash', 'paid', '2026-02-19 18:48:01', 'completed');
INSERT INTO sales (id, pharmacy_id, invoice_no, customer_id, user_id, customer_name, customer_phone, total_amount, discount, tax, grand_total, payment_method, payment_status, sale_date, order_status) VALUES ('16', '1', 'INV-C51E9DAE', '5', '1', 'Sample Customer', NULL, '24.00', '0.00', '0.00', '24.00', 'cash', 'paid', '2026-02-24 18:48:01', 'completed');
INSERT INTO sales (id, pharmacy_id, invoice_no, customer_id, user_id, customer_name, customer_phone, total_amount, discount, tax, grand_total, payment_method, payment_status, sale_date, order_status) VALUES ('17', '1', 'INV-C5219A1B', '2', '1', 'Sample Customer', NULL, '84.50', '0.00', '0.00', '84.50', 'cash', 'paid', '2026-03-10 18:48:02', 'completed');
INSERT INTO sales (id, pharmacy_id, invoice_no, customer_id, user_id, customer_name, customer_phone, total_amount, discount, tax, grand_total, payment_method, payment_status, sale_date, order_status) VALUES ('18', '1', 'INV-C5245086', '4', '1', 'Sample Customer', NULL, '42.50', '0.00', '0.00', '42.50', 'cash', 'paid', '2026-03-12 18:48:02', 'completed');
INSERT INTO sales (id, pharmacy_id, invoice_no, customer_id, user_id, customer_name, customer_phone, total_amount, discount, tax, grand_total, payment_method, payment_status, sale_date, order_status) VALUES ('19', '1', 'INV-C527328F', '3', '1', 'Sample Customer', NULL, '44.00', '0.00', '0.00', '44.00', 'cash', 'paid', '2026-03-09 18:48:02', 'completed');
INSERT INTO sales (id, pharmacy_id, invoice_no, customer_id, user_id, customer_name, customer_phone, total_amount, discount, tax, grand_total, payment_method, payment_status, sale_date, order_status) VALUES ('20', '1', 'INV-C52B4756', '4', '1', 'Sample Customer', NULL, '158.00', '0.00', '0.00', '158.00', 'cash', 'paid', '2026-02-12 18:48:02', 'completed');
INSERT INTO sales (id, pharmacy_id, invoice_no, customer_id, user_id, customer_name, customer_phone, total_amount, discount, tax, grand_total, payment_method, payment_status, sale_date, order_status) VALUES ('21', '1', 'INV-81F3FC47', '8', '1', 'Sample Customer', NULL, '295.00', '0.00', '0.00', '295.00', 'cash', 'paid', '2026-03-08 21:54:55', 'completed');
INSERT INTO sales (id, pharmacy_id, invoice_no, customer_id, user_id, customer_name, customer_phone, total_amount, discount, tax, grand_total, payment_method, payment_status, sale_date, order_status) VALUES ('22', '1', 'INV-82FBC24A', '10', '1', 'Sample Customer', NULL, '66.25', '0.00', '0.00', '66.25', 'cash', 'paid', '2026-02-25 21:55:11', 'completed');
INSERT INTO sales (id, pharmacy_id, invoice_no, customer_id, user_id, customer_name, customer_phone, total_amount, discount, tax, grand_total, payment_method, payment_status, sale_date, order_status) VALUES ('23', '1', 'INV-83B309B9', '2', '1', 'Sample Customer', NULL, '269.00', '0.00', '0.00', '269.00', 'cash', 'paid', '2026-03-02 21:55:23', 'completed');
INSERT INTO sales (id, pharmacy_id, invoice_no, customer_id, user_id, customer_name, customer_phone, total_amount, discount, tax, grand_total, payment_method, payment_status, sale_date, order_status) VALUES ('24', '1', 'INV-83D1612B', '6', '1', 'Sample Customer', NULL, '97.00', '0.00', '0.00', '97.00', 'cash', 'paid', '2026-02-13 21:55:25', 'completed');
INSERT INTO sales (id, pharmacy_id, invoice_no, customer_id, user_id, customer_name, customer_phone, total_amount, discount, tax, grand_total, payment_method, payment_status, sale_date, order_status) VALUES ('25', '1', 'INV-83E52E58', '8', '1', 'Sample Customer', NULL, '150.00', '0.00', '0.00', '150.00', 'cash', 'paid', '2026-02-22 21:55:26', 'completed');
INSERT INTO sales (id, pharmacy_id, invoice_no, customer_id, user_id, customer_name, customer_phone, total_amount, discount, tax, grand_total, payment_method, payment_status, sale_date, order_status) VALUES ('26', '1', 'INV-83FF08C8', '9', '1', 'Sample Customer', NULL, '62.00', '0.00', '0.00', '62.00', 'cash', 'paid', '2026-03-10 21:55:27', 'completed');
INSERT INTO sales (id, pharmacy_id, invoice_no, customer_id, user_id, customer_name, customer_phone, total_amount, discount, tax, grand_total, payment_method, payment_status, sale_date, order_status) VALUES ('27', '1', 'INV-84209877', '8', '1', 'Sample Customer', NULL, '50.00', '0.00', '0.00', '50.00', 'cash', 'paid', '2026-02-19 21:55:30', 'completed');
INSERT INTO sales (id, pharmacy_id, invoice_no, customer_id, user_id, customer_name, customer_phone, total_amount, discount, tax, grand_total, payment_method, payment_status, sale_date, order_status) VALUES ('28', '1', 'INV-8467E677', '7', '1', 'Sample Customer', NULL, '90.00', '0.00', '0.00', '90.00', 'cash', 'paid', '2026-03-02 21:55:34', 'completed');
INSERT INTO sales (id, pharmacy_id, invoice_no, customer_id, user_id, customer_name, customer_phone, total_amount, discount, tax, grand_total, payment_method, payment_status, sale_date, order_status) VALUES ('29', '1', 'INV-84E5B5CC', '5', '1', 'Sample Customer', NULL, '234.50', '0.00', '0.00', '234.50', 'cash', 'paid', '2026-02-13 21:55:42', 'completed');
INSERT INTO sales (id, pharmacy_id, invoice_no, customer_id, user_id, customer_name, customer_phone, total_amount, discount, tax, grand_total, payment_method, payment_status, sale_date, order_status) VALUES ('30', '1', 'INV-853CD5F3', '9', '1', 'Sample Customer', NULL, '67.00', '0.00', '0.00', '67.00', 'cash', 'paid', '2026-02-18 21:55:47', 'completed');
INSERT INTO sales (id, pharmacy_id, invoice_no, customer_id, user_id, customer_name, customer_phone, total_amount, discount, tax, grand_total, payment_method, payment_status, sale_date, order_status) VALUES ('31', '1', 'INV-8565F4BC', '9', '1', 'Sample Customer', NULL, '116.25', '0.00', '0.00', '116.25', 'cash', 'paid', '2026-03-04 21:55:50', 'completed');
INSERT INTO sales (id, pharmacy_id, invoice_no, customer_id, user_id, customer_name, customer_phone, total_amount, discount, tax, grand_total, payment_method, payment_status, sale_date, order_status) VALUES ('32', '1', 'INV-85E1CDED', '10', '1', 'Sample Customer', NULL, '72.50', '0.00', '0.00', '72.50', 'cash', 'paid', '2026-02-12 21:55:58', 'completed');
INSERT INTO sales (id, pharmacy_id, invoice_no, customer_id, user_id, customer_name, customer_phone, total_amount, discount, tax, grand_total, payment_method, payment_status, sale_date, order_status) VALUES ('33', '1', 'INV-86261531', '3', '1', 'Sample Customer', NULL, '144.00', '0.00', '0.00', '144.00', 'cash', 'paid', '2026-03-02 21:56:02', 'completed');
INSERT INTO sales (id, pharmacy_id, invoice_no, customer_id, user_id, customer_name, customer_phone, total_amount, discount, tax, grand_total, payment_method, payment_status, sale_date, order_status) VALUES ('34', '1', 'INV-864023B7', '4', '1', 'Sample Customer', NULL, '60.50', '0.00', '0.00', '60.50', 'cash', 'paid', '2026-03-09 21:56:04', 'completed');
INSERT INTO sales (id, pharmacy_id, invoice_no, customer_id, user_id, customer_name, customer_phone, total_amount, discount, tax, grand_total, payment_method, payment_status, sale_date, order_status) VALUES ('35', '1', 'INV-8657374F', '3', '1', 'Sample Customer', NULL, '11.00', '0.00', '0.00', '11.00', 'cash', 'paid', '2026-02-19 21:56:05', 'completed');
INSERT INTO sales (id, pharmacy_id, invoice_no, customer_id, user_id, customer_name, customer_phone, total_amount, discount, tax, grand_total, payment_method, payment_status, sale_date, order_status) VALUES ('36', '1', 'INV-866A2C1C', '6', '1', 'Sample Customer', NULL, '100.00', '0.00', '0.00', '100.00', 'cash', 'paid', '2026-02-11 21:56:06', 'completed');
INSERT INTO sales (id, pharmacy_id, invoice_no, customer_id, user_id, customer_name, customer_phone, total_amount, discount, tax, grand_total, payment_method, payment_status, sale_date, order_status) VALUES ('37', '1', 'INV-867DF618', '2', '1', 'Sample Customer', NULL, '27.50', '0.00', '0.00', '27.50', 'cash', 'paid', '2026-03-04 21:56:07', 'completed');
INSERT INTO sales (id, pharmacy_id, invoice_no, customer_id, user_id, customer_name, customer_phone, total_amount, discount, tax, grand_total, payment_method, payment_status, sale_date, order_status) VALUES ('38', '1', 'INV-869B6C1F', '4', '1', 'Sample Customer', NULL, '0.00', '0.00', '0.00', '0.00', 'cash', 'paid', '2026-03-10 21:56:09', 'completed');
INSERT INTO sales (id, pharmacy_id, invoice_no, customer_id, user_id, customer_name, customer_phone, total_amount, discount, tax, grand_total, payment_method, payment_status, sale_date, order_status) VALUES ('39', '1', 'INV-C0B3A35E', NULL, '9', 'test1', NULL, '12.00', '0.00', '0.00', '12.00', 'mobile', 'pending', '2026-03-13 05:01:15', 'completed');
INSERT INTO sales (id, pharmacy_id, invoice_no, customer_id, user_id, customer_name, customer_phone, total_amount, discount, tax, grand_total, payment_method, payment_status, sale_date, order_status) VALUES ('40', '1', 'INV-38A5E6A7', '13', '1', 'Loyal Client (Main PharmaCare)', NULL, '12.00', '0.00', '0.00', '12.00', 'cash', 'paid', '2026-03-13 05:33:14', 'completed');
INSERT INTO sales (id, pharmacy_id, invoice_no, customer_id, user_id, customer_name, customer_phone, total_amount, discount, tax, grand_total, payment_method, payment_status, sale_date, order_status) VALUES ('41', '1', 'INV-4EBE2BFF', NULL, '9', 'test1', NULL, '12.00', '0.00', '0.00', '12.00', 'cash', 'pending', '2026-03-13 05:39:07', 'cancelled');
INSERT INTO sales (id, pharmacy_id, invoice_no, customer_id, user_id, customer_name, customer_phone, total_amount, discount, tax, grand_total, payment_method, payment_status, sale_date, order_status) VALUES ('42', '3', 'INV-8765B7F1', NULL, '17', 'Walk-in Customer', NULL, '17000.00', '0.00', '0.00', '17000.00', 'cash', 'paid', '2026-03-13 05:54:14', 'completed');

-- Table: sale_items
INSERT INTO sale_items (id, sale_id, medicine_id, quantity, unit_price, total_price) VALUES ('1', '1', '1', '3', '5.50', '16.50');
INSERT INTO sale_items (id, sale_id, medicine_id, quantity, unit_price, total_price) VALUES ('2', '1', '9', '1', '5.50', '5.50');
INSERT INTO sale_items (id, sale_id, medicine_id, quantity, unit_price, total_price) VALUES ('3', '2', '11', '4', '8.25', '33.00');
INSERT INTO sale_items (id, sale_id, medicine_id, quantity, unit_price, total_price) VALUES ('4', '2', '12', '2', '15.00', '30.00');
INSERT INTO sale_items (id, sale_id, medicine_id, quantity, unit_price, total_price) VALUES ('5', '2', '4', '2', '15.00', '30.00');
INSERT INTO sale_items (id, sale_id, medicine_id, quantity, unit_price, total_price) VALUES ('6', '3', '9', '5', '5.50', '27.50');
INSERT INTO sale_items (id, sale_id, medicine_id, quantity, unit_price, total_price) VALUES ('7', '3', '4', '5', '15.00', '75.00');
INSERT INTO sale_items (id, sale_id, medicine_id, quantity, unit_price, total_price) VALUES ('8', '4', '3', '5', '8.25', '41.25');
INSERT INTO sale_items (id, sale_id, medicine_id, quantity, unit_price, total_price) VALUES ('9', '4', '11', '1', '8.25', '8.25');
INSERT INTO sale_items (id, sale_id, medicine_id, quantity, unit_price, total_price) VALUES ('10', '4', '7', '4', '9.50', '38.00');
INSERT INTO sale_items (id, sale_id, medicine_id, quantity, unit_price, total_price) VALUES ('11', '5', '15', '3', '9.50', '28.50');
INSERT INTO sale_items (id, sale_id, medicine_id, quantity, unit_price, total_price) VALUES ('12', '6', '14', '4', '45.00', '180.00');
INSERT INTO sale_items (id, sale_id, medicine_id, quantity, unit_price, total_price) VALUES ('13', '6', '10', '2', '12.00', '24.00');
INSERT INTO sale_items (id, sale_id, medicine_id, quantity, unit_price, total_price) VALUES ('14', '6', '9', '1', '5.50', '5.50');
INSERT INTO sale_items (id, sale_id, medicine_id, quantity, unit_price, total_price) VALUES ('15', '7', '15', '5', '9.50', '47.50');
INSERT INTO sale_items (id, sale_id, medicine_id, quantity, unit_price, total_price) VALUES ('16', '8', '16', '5', '11.00', '55.00');
INSERT INTO sale_items (id, sale_id, medicine_id, quantity, unit_price, total_price) VALUES ('17', '8', '12', '3', '15.00', '45.00');
INSERT INTO sale_items (id, sale_id, medicine_id, quantity, unit_price, total_price) VALUES ('18', '9', '10', '1', '12.00', '12.00');
INSERT INTO sale_items (id, sale_id, medicine_id, quantity, unit_price, total_price) VALUES ('19', '9', '14', '2', '45.00', '90.00');
INSERT INTO sale_items (id, sale_id, medicine_id, quantity, unit_price, total_price) VALUES ('20', '9', '10', '3', '12.00', '36.00');
INSERT INTO sale_items (id, sale_id, medicine_id, quantity, unit_price, total_price) VALUES ('21', '10', '11', '1', '8.25', '8.25');
INSERT INTO sale_items (id, sale_id, medicine_id, quantity, unit_price, total_price) VALUES ('22', '10', '1', '5', '5.50', '27.50');
INSERT INTO sale_items (id, sale_id, medicine_id, quantity, unit_price, total_price) VALUES ('23', '11', '8', '1', '11.00', '11.00');
INSERT INTO sale_items (id, sale_id, medicine_id, quantity, unit_price, total_price) VALUES ('24', '12', '8', '1', '11.00', '11.00');
INSERT INTO sale_items (id, sale_id, medicine_id, quantity, unit_price, total_price) VALUES ('25', '12', '10', '5', '12.00', '60.00');
INSERT INTO sale_items (id, sale_id, medicine_id, quantity, unit_price, total_price) VALUES ('26', '12', '11', '1', '8.25', '8.25');
INSERT INTO sale_items (id, sale_id, medicine_id, quantity, unit_price, total_price) VALUES ('27', '13', '11', '3', '8.25', '24.75');
INSERT INTO sale_items (id, sale_id, medicine_id, quantity, unit_price, total_price) VALUES ('28', '13', '9', '1', '5.50', '5.50');
INSERT INTO sale_items (id, sale_id, medicine_id, quantity, unit_price, total_price) VALUES ('29', '13', '13', '1', '25.00', '25.00');
INSERT INTO sale_items (id, sale_id, medicine_id, quantity, unit_price, total_price) VALUES ('30', '14', '6', '5', '45.00', '225.00');
INSERT INTO sale_items (id, sale_id, medicine_id, quantity, unit_price, total_price) VALUES ('31', '14', '15', '5', '9.50', '47.50');
INSERT INTO sale_items (id, sale_id, medicine_id, quantity, unit_price, total_price) VALUES ('32', '15', '12', '2', '15.00', '30.00');
INSERT INTO sale_items (id, sale_id, medicine_id, quantity, unit_price, total_price) VALUES ('33', '16', '2', '2', '12.00', '24.00');
INSERT INTO sale_items (id, sale_id, medicine_id, quantity, unit_price, total_price) VALUES ('34', '17', '15', '1', '9.50', '9.50');
INSERT INTO sale_items (id, sale_id, medicine_id, quantity, unit_price, total_price) VALUES ('35', '17', '13', '3', '25.00', '75.00');
INSERT INTO sale_items (id, sale_id, medicine_id, quantity, unit_price, total_price) VALUES ('36', '18', '3', '4', '8.25', '33.00');
INSERT INTO sale_items (id, sale_id, medicine_id, quantity, unit_price, total_price) VALUES ('37', '18', '7', '1', '9.50', '9.50');
INSERT INTO sale_items (id, sale_id, medicine_id, quantity, unit_price, total_price) VALUES ('38', '19', '16', '1', '11.00', '11.00');
INSERT INTO sale_items (id, sale_id, medicine_id, quantity, unit_price, total_price) VALUES ('39', '19', '1', '2', '5.50', '11.00');
INSERT INTO sale_items (id, sale_id, medicine_id, quantity, unit_price, total_price) VALUES ('40', '19', '16', '2', '11.00', '22.00');
INSERT INTO sale_items (id, sale_id, medicine_id, quantity, unit_price, total_price) VALUES ('41', '20', '11', '4', '8.25', '33.00');
INSERT INTO sale_items (id, sale_id, medicine_id, quantity, unit_price, total_price) VALUES ('42', '20', '13', '5', '25.00', '125.00');
INSERT INTO sale_items (id, sale_id, medicine_id, quantity, unit_price, total_price) VALUES ('43', '21', '24', '5', '11.00', '55.00');
INSERT INTO sale_items (id, sale_id, medicine_id, quantity, unit_price, total_price) VALUES ('44', '21', '18', '5', '12.00', '60.00');
INSERT INTO sale_items (id, sale_id, medicine_id, quantity, unit_price, total_price) VALUES ('45', '21', '14', '4', '45.00', '180.00');
INSERT INTO sale_items (id, sale_id, medicine_id, quantity, unit_price, total_price) VALUES ('46', '22', '18', '3', '12.00', '36.00');
INSERT INTO sale_items (id, sale_id, medicine_id, quantity, unit_price, total_price) VALUES ('47', '22', '11', '1', '8.25', '8.25');
INSERT INTO sale_items (id, sale_id, medicine_id, quantity, unit_price, total_price) VALUES ('48', '22', '16', '2', '11.00', '22.00');
INSERT INTO sale_items (id, sale_id, medicine_id, quantity, unit_price, total_price) VALUES ('49', '23', '15', '2', '9.50', '19.00');
INSERT INTO sale_items (id, sale_id, medicine_id, quantity, unit_price, total_price) VALUES ('50', '23', '22', '5', '45.00', '225.00');
INSERT INTO sale_items (id, sale_id, medicine_id, quantity, unit_price, total_price) VALUES ('51', '23', '21', '1', '25.00', '25.00');
INSERT INTO sale_items (id, sale_id, medicine_id, quantity, unit_price, total_price) VALUES ('52', '24', '17', '1', '5.50', '5.50');
INSERT INTO sale_items (id, sale_id, medicine_id, quantity, unit_price, total_price) VALUES ('53', '24', '11', '2', '8.25', '16.50');
INSERT INTO sale_items (id, sale_id, medicine_id, quantity, unit_price, total_price) VALUES ('54', '24', '5', '3', '25.00', '75.00');
INSERT INTO sale_items (id, sale_id, medicine_id, quantity, unit_price, total_price) VALUES ('55', '25', '21', '2', '25.00', '50.00');
INSERT INTO sale_items (id, sale_id, medicine_id, quantity, unit_price, total_price) VALUES ('56', '25', '21', '4', '25.00', '100.00');
INSERT INTO sale_items (id, sale_id, medicine_id, quantity, unit_price, total_price) VALUES ('57', '26', '7', '4', '9.50', '38.00');
INSERT INTO sale_items (id, sale_id, medicine_id, quantity, unit_price, total_price) VALUES ('58', '26', '2', '2', '12.00', '24.00');
INSERT INTO sale_items (id, sale_id, medicine_id, quantity, unit_price, total_price) VALUES ('59', '27', '21', '2', '25.00', '50.00');
INSERT INTO sale_items (id, sale_id, medicine_id, quantity, unit_price, total_price) VALUES ('60', '28', '6', '2', '45.00', '90.00');
INSERT INTO sale_items (id, sale_id, medicine_id, quantity, unit_price, total_price) VALUES ('61', '29', '14', '5', '45.00', '225.00');
INSERT INTO sale_items (id, sale_id, medicine_id, quantity, unit_price, total_price) VALUES ('62', '29', '15', '1', '9.50', '9.50');
INSERT INTO sale_items (id, sale_id, medicine_id, quantity, unit_price, total_price) VALUES ('63', '30', '17', '4', '5.50', '22.00');
INSERT INTO sale_items (id, sale_id, medicine_id, quantity, unit_price, total_price) VALUES ('64', '30', '4', '3', '15.00', '45.00');
INSERT INTO sale_items (id, sale_id, medicine_id, quantity, unit_price, total_price) VALUES ('65', '31', '20', '5', '15.00', '75.00');
INSERT INTO sale_items (id, sale_id, medicine_id, quantity, unit_price, total_price) VALUES ('66', '31', '16', '3', '11.00', '33.00');
INSERT INTO sale_items (id, sale_id, medicine_id, quantity, unit_price, total_price) VALUES ('67', '31', '3', '1', '8.25', '8.25');
INSERT INTO sale_items (id, sale_id, medicine_id, quantity, unit_price, total_price) VALUES ('68', '32', '17', '5', '5.50', '27.50');
INSERT INTO sale_items (id, sale_id, medicine_id, quantity, unit_price, total_price) VALUES ('69', '32', '14', '1', '45.00', '45.00');
INSERT INTO sale_items (id, sale_id, medicine_id, quantity, unit_price, total_price) VALUES ('70', '33', '18', '4', '12.00', '48.00');
INSERT INTO sale_items (id, sale_id, medicine_id, quantity, unit_price, total_price) VALUES ('71', '33', '10', '3', '12.00', '36.00');
INSERT INTO sale_items (id, sale_id, medicine_id, quantity, unit_price, total_price) VALUES ('72', '33', '10', '5', '12.00', '60.00');
INSERT INTO sale_items (id, sale_id, medicine_id, quantity, unit_price, total_price) VALUES ('73', '34', '16', '3', '11.00', '33.00');
INSERT INTO sale_items (id, sale_id, medicine_id, quantity, unit_price, total_price) VALUES ('74', '34', '9', '5', '5.50', '27.50');
INSERT INTO sale_items (id, sale_id, medicine_id, quantity, unit_price, total_price) VALUES ('75', '35', '24', '1', '11.00', '11.00');
INSERT INTO sale_items (id, sale_id, medicine_id, quantity, unit_price, total_price) VALUES ('76', '36', '5', '4', '25.00', '100.00');
INSERT INTO sale_items (id, sale_id, medicine_id, quantity, unit_price, total_price) VALUES ('77', '37', '17', '5', '5.50', '27.50');
INSERT INTO sale_items (id, sale_id, medicine_id, quantity, unit_price, total_price) VALUES ('78', '38', '19', '2', '8.25', '16.50');
INSERT INTO sale_items (id, sale_id, medicine_id, quantity, unit_price, total_price) VALUES ('79', '39', '2', '1', '12.00', '12.00');
INSERT INTO sale_items (id, sale_id, medicine_id, quantity, unit_price, total_price) VALUES ('80', '40', '2', '1', '12.00', '12.00');
INSERT INTO sale_items (id, sale_id, medicine_id, quantity, unit_price, total_price) VALUES ('81', '41', '2', '1', '12.00', '12.00');
INSERT INTO sale_items (id, sale_id, medicine_id, quantity, unit_price, total_price) VALUES ('82', '42', '29', '6', '1500.00', '9000.00');
INSERT INTO sale_items (id, sale_id, medicine_id, quantity, unit_price, total_price) VALUES ('83', '42', '28', '4', '500.00', '2000.00');
INSERT INTO sale_items (id, sale_id, medicine_id, quantity, unit_price, total_price) VALUES ('84', '42', '30', '5', '1200.00', '6000.00');

-- Table: prescriptions
INSERT INTO prescriptions (id, user_id, pharmacy_id, patient_name, patient_age, doctor_name, prescription_date, image_path, status, created_at) VALUES ('1', NULL, '1', 'John Miller', '45', 'Dr. Smith', '2026-03-10', NULL, 'pending', '2026-03-12 18:48:04');
INSERT INTO prescriptions (id, user_id, pharmacy_id, patient_name, patient_age, doctor_name, prescription_date, image_path, status, created_at) VALUES ('2', NULL, '1', 'Sarah Connor', '30', 'Dr. Aris', '2026-03-11', NULL, 'filled', '2026-03-12 18:48:04');
INSERT INTO prescriptions (id, user_id, pharmacy_id, patient_name, patient_age, doctor_name, prescription_date, image_path, status, created_at) VALUES ('3', NULL, '1', 'Peter Parker', '19', 'Dr. Strange', '2026-03-12', NULL, 'pending', '2026-03-12 18:48:04');

-- Table: settings
INSERT INTO settings (setting_key, setting_value, pharmacy_id, updated_at) VALUES ('address', '123 Pharmacy St, Health City', '0', '2026-03-12 18:15:54');
INSERT INTO settings (setting_key, setting_value, pharmacy_id, updated_at) VALUES ('currency', 'FCFA', '0', '2026-03-12 22:30:16');
INSERT INTO settings (setting_key, setting_value, pharmacy_id, updated_at) VALUES ('email', 'admin@pharmacare.com', '0', '2026-03-12 21:45:39');
INSERT INTO settings (setting_key, setting_value, pharmacy_id, updated_at) VALUES ('landing_f1_desc', 'Your data is protected with high-level encryption and role-based access control.', '0', '2026-03-12 21:45:40');
INSERT INTO settings (setting_key, setting_value, pharmacy_id, updated_at) VALUES ('landing_f1_title', 'Secure &amp; Reliable', '0', '2026-03-12 21:45:40');
INSERT INTO settings (setting_key, setting_value, pharmacy_id, updated_at) VALUES ('landing_f2_desc', 'Monitor stock levels, expiry dates, and sales in real-time from any device.', '0', '2026-03-12 21:45:40');
INSERT INTO settings (setting_key, setting_value, pharmacy_id, updated_at) VALUES ('landing_f2_title', 'Real-time Tracking', '0', '2026-03-12 21:45:40');
INSERT INTO settings (setting_key, setting_value, pharmacy_id, updated_at) VALUES ('landing_f3_desc', 'Get detailed reports and insights into your pharmacy&#039;s financial performance.', '0', '2026-03-12 21:45:40');
INSERT INTO settings (setting_key, setting_value, pharmacy_id, updated_at) VALUES ('landing_f3_title', 'Advanced Analytics', '0', '2026-03-12 21:45:40');
INSERT INTO settings (setting_key, setting_value, pharmacy_id, updated_at) VALUES ('landing_hero_subtext', 'Welcome to PharmaCare, the most advanced Pharmacy Management System designed to handle prescriptions, inventory, and point-of-sale with ease and security.', '0', '2026-03-12 21:45:40');
INSERT INTO settings (setting_key, setting_value, pharmacy_id, updated_at) VALUES ('landing_hero_title', 'Your Health, Our Priority', '0', '2026-03-12 21:45:39');
INSERT INTO settings (setting_key, setting_value, pharmacy_id, updated_at) VALUES ('language', 'en', '0', '2026-03-12 18:15:54');
INSERT INTO settings (setting_key, setting_value, pharmacy_id, updated_at) VALUES ('phone', '+123 456 7890', '0', '2026-03-12 18:15:54');
INSERT INTO settings (setting_key, setting_value, pharmacy_id, updated_at) VALUES ('system_name', 'PharmaCare', '0', '2026-03-12 18:15:54');
INSERT INTO settings (setting_key, setting_value, pharmacy_id, updated_at) VALUES ('tax_rate', '0', '0', '2026-03-12 18:15:54');

-- Table: audit_logs
INSERT INTO audit_logs (id, pharmacy_id, user_id, action, table_name, record_id, old_value, new_value, ip_address, created_at) VALUES ('1', '1', '1', 'SEED_DATA', 'system', NULL, NULL, 'Running system seeder to populate sample data', '::1', '2026-03-12 18:48:04');
INSERT INTO audit_logs (id, pharmacy_id, user_id, action, table_name, record_id, old_value, new_value, ip_address, created_at) VALUES ('2', '1', '1', 'SEED_DATA', 'system', NULL, NULL, 'Running system seeder to populate sample data', '::1', '2026-03-12 18:48:05');
INSERT INTO audit_logs (id, pharmacy_id, user_id, action, table_name, record_id, old_value, new_value, ip_address, created_at) VALUES ('3', '1', '1', 'SEED_DATA', 'system', NULL, NULL, 'Running system seeder to populate sample data', '::1', '2026-03-12 18:48:05');
INSERT INTO audit_logs (id, pharmacy_id, user_id, action, table_name, record_id, old_value, new_value, ip_address, created_at) VALUES ('4', '1', '1', 'SEED_DATA', 'system', NULL, NULL, 'Running system seeder to populate sample data', '::1', '2026-03-12 18:48:05');
INSERT INTO audit_logs (id, pharmacy_id, user_id, action, table_name, record_id, old_value, new_value, ip_address, created_at) VALUES ('5', '1', '1', 'SEED_DATA', 'system', NULL, NULL, 'Running system seeder to populate sample data', '::1', '2026-03-12 18:48:05');
INSERT INTO audit_logs (id, pharmacy_id, user_id, action, table_name, record_id, old_value, new_value, ip_address, created_at) VALUES ('6', '1', '1', 'SEED_DATA', 'system', NULL, NULL, 'Running system seeder to populate sample data', '::1', '2026-03-12 18:48:05');
INSERT INTO audit_logs (id, pharmacy_id, user_id, action, table_name, record_id, old_value, new_value, ip_address, created_at) VALUES ('7', '1', '1', 'SEED_DATA', 'system', NULL, NULL, 'Running system seeder to populate sample data', '::1', '2026-03-12 18:48:05');
INSERT INTO audit_logs (id, pharmacy_id, user_id, action, table_name, record_id, old_value, new_value, ip_address, created_at) VALUES ('8', '1', '1', 'SEED_DATA', 'system', NULL, NULL, 'Running system seeder to populate sample data', '::1', '2026-03-12 18:48:05');
INSERT INTO audit_logs (id, pharmacy_id, user_id, action, table_name, record_id, old_value, new_value, ip_address, created_at) VALUES ('9', '1', '1', 'SEED_DATA', 'system', NULL, NULL, 'Running system seeder to populate sample data', '::1', '2026-03-12 18:48:05');
INSERT INTO audit_logs (id, pharmacy_id, user_id, action, table_name, record_id, old_value, new_value, ip_address, created_at) VALUES ('10', '1', '1', 'SEED_DATA', 'system', NULL, NULL, 'Running system seeder to populate sample data', '::1', '2026-03-12 18:48:05');
INSERT INTO audit_logs (id, pharmacy_id, user_id, action, table_name, record_id, old_value, new_value, ip_address, created_at) VALUES ('11', '1', '1', 'SEED_DATA', 'system', NULL, NULL, 'Running system seeder to populate sample data', '::1', '2026-03-12 18:48:05');
INSERT INTO audit_logs (id, pharmacy_id, user_id, action, table_name, record_id, old_value, new_value, ip_address, created_at) VALUES ('12', '1', '1', 'SEED_DATA', 'system', NULL, NULL, 'Running system seeder to populate sample data', '::1', '2026-03-12 18:48:05');
INSERT INTO audit_logs (id, pharmacy_id, user_id, action, table_name, record_id, old_value, new_value, ip_address, created_at) VALUES ('13', '1', '1', 'SEED_DATA', 'system', NULL, NULL, 'Running system seeder to populate sample data', '::1', '2026-03-12 18:48:05');
INSERT INTO audit_logs (id, pharmacy_id, user_id, action, table_name, record_id, old_value, new_value, ip_address, created_at) VALUES ('14', '1', '1', 'SEED_DATA', 'system', NULL, NULL, 'Running system seeder to populate sample data', '::1', '2026-03-12 18:48:05');
INSERT INTO audit_logs (id, pharmacy_id, user_id, action, table_name, record_id, old_value, new_value, ip_address, created_at) VALUES ('15', '1', '1', 'SEED_DATA', 'system', NULL, NULL, 'Running system seeder to populate sample data', '::1', '2026-03-12 18:48:05');
INSERT INTO audit_logs (id, pharmacy_id, user_id, action, table_name, record_id, old_value, new_value, ip_address, created_at) VALUES ('16', '1', '1', 'UPDATE_SETTINGS', 'settings', NULL, NULL, NULL, '::1', '2026-03-12 21:45:40');
INSERT INTO audit_logs (id, pharmacy_id, user_id, action, table_name, record_id, old_value, new_value, ip_address, created_at) VALUES ('17', '1', '1', 'UPDATE_PROFILE', 'users', '1', NULL, NULL, '::1', '2026-03-12 21:50:01');
INSERT INTO audit_logs (id, pharmacy_id, user_id, action, table_name, record_id, old_value, new_value, ip_address, created_at) VALUES ('18', '1', '1', 'UPDATE_SETTINGS', 'settings', NULL, NULL, NULL, '::1', '2026-03-12 22:30:16');
INSERT INTO audit_logs (id, pharmacy_id, user_id, action, table_name, record_id, old_value, new_value, ip_address, created_at) VALUES ('19', '1', '1', 'UPDATE_USER', 'users', '9', NULL, NULL, '::1', '2026-03-13 03:54:16');
INSERT INTO audit_logs (id, pharmacy_id, user_id, action, table_name, record_id, old_value, new_value, ip_address, created_at) VALUES ('20', '1', '1', 'UPDATE_USER', 'users', '9', NULL, NULL, '::1', '2026-03-13 03:55:02');
INSERT INTO audit_logs (id, pharmacy_id, user_id, action, table_name, record_id, old_value, new_value, ip_address, created_at) VALUES ('21', '1', '9', 'PLACE_CART_ORDER', 'sales', '39', NULL, 'Cart order INV-C0B3A35E placed', '::1', '2026-03-13 05:01:16');
INSERT INTO audit_logs (id, pharmacy_id, user_id, action, table_name, record_id, old_value, new_value, ip_address, created_at) VALUES ('22', '1', '1', 'UPDATE_USER', 'users', '9', NULL, NULL, '::1', '2026-03-13 05:01:59');
INSERT INTO audit_logs (id, pharmacy_id, user_id, action, table_name, record_id, old_value, new_value, ip_address, created_at) VALUES ('23', '1', '1', 'PROCESS_SALE', 'sales', '40', NULL, NULL, '::1', '2026-03-13 05:33:14');
INSERT INTO audit_logs (id, pharmacy_id, user_id, action, table_name, record_id, old_value, new_value, ip_address, created_at) VALUES ('24', '1', '9', 'PLACE_CART_ORDER', 'sales', '41', NULL, 'Cart order INV-4EBE2BFF placed', '::1', '2026-03-13 05:39:07');
INSERT INTO audit_logs (id, pharmacy_id, user_id, action, table_name, record_id, old_value, new_value, ip_address, created_at) VALUES ('25', '3', '17', 'PROCESS_SALE', 'sales', '42', NULL, NULL, '::1', '2026-03-13 05:54:14');
INSERT INTO audit_logs (id, pharmacy_id, user_id, action, table_name, record_id, old_value, new_value, ip_address, created_at) VALUES ('26', NULL, '1', 'UPDATE_ORDER_STATUS', 'sales', '39', NULL, 'completed', '::1', '2026-03-13 06:05:05');
INSERT INTO audit_logs (id, pharmacy_id, user_id, action, table_name, record_id, old_value, new_value, ip_address, created_at) VALUES ('27', NULL, '1', 'UPDATE_ORDER_STATUS', 'sales', '41', NULL, 'cancelled', '::1', '2026-03-13 06:05:13');

